fsu.old,fsu.new
20001,20001
20003,20003
20004,20004
20005,20005
20006,20006
20008,20008
20011,20011
20012,20012
20013,20013
20014,20014
20015,20015
20017,20017
20018,20018
20019,20019
20020,20020
20021,20021
20022,20022
20023,20023
20024,20024
20025,20025
20026,20026
20027,20027
20029,20029
20030,20030
20031,20031
20032,20032
20033,20033
20035,20035
20036,20036
20037,20037
20038,20038
20039,20039
20040,20040
20041,20041
20042,20042
20044,20044
20045,20045
20046,20046
20047,20047
20048,20048
20049,20049
20050,20050
20051,20051
20054,20054
20055,20055
20056,20056
20057,20057
20059,20059
20060,20060
20061,20061
20063,20063
20064,20064
20065,20065
20068,20068
20069,20069
20070,20070
20072,20072
20074,20074
20076,20076
20077,20077
20078,20078
20079,20079
20080,20080
20081,20081
20082,20082
20085,20085
20086,20086
20088,20088
20089,20089
20091,20091
20094,20094
20096,20096
20098,20098
20099,20099
20100,20100
20102,20102
20106,20106
20108,20108
20109,20109
20110,20110
20111,20111
20112,20112
20113,20113
20115,20115
20117,20117
20118,20118
20119,20119
20121,20121
20122,20122
20124,20124
20127,20127
20128,20128
20129,20129
20132,20132
20134,20134
20135,20135
20136,20136
20138,20138
20139,20139
20140,20140
20141,20141
20143,20143
20145,20145
20147,20147
20148,20148
20149,20149
20151,20151
20154,20154
20155,20155
20156,20156
20157,20157
20158,20158
20159,20159
20160,20160
20161,20161
20162,20162
20163,20163
20164,20164
20166,20166
20167,20167
20168,20168
20170,20170
20171,20171
20172,20172
20173,20173
20176,20176
20177,20177
20178,20178
20179,20179
20180,20180
20181,20181
20182,20182
20183,20183
20184,20184
20201,20201
20202,20202
20203,20203
20205,20205
20206,20206
20207,20207
20208,20208
20209,20209
20210,20210
20211,20211
20212,20212
20213,20213
20214,20214
20215,20215
20216,20216
20217,20217
20218,20218
20219,20219
20220,20220
20221,20221
20222,20222
20225,20225
20226,20226
20228,20228
20229,20229
20230,20230
20235,20235
20237,20237
20239,20239
20243,20243
20244,20244
20245,20245
20246,20246
20247,20247
20248,20248
20301,20301
20303,20303
20304,20304
20305,20305
20306,20306
20307,20307
20309,20309
20310,20310
20313,20313
20315,20315
20316,20316
20317,20317
20320,20320
20321,20321
20322,20322
20323,20323
20326,20326
20327,20327
20329,20329
20330,20330
20332,20332
20333,20333
20334,20334
20335,20335
20337,20337
20338,20338
20339,20339
20340,20340
20341,20341
20342,20342
20344,20344
20345,20345
20346,20346
20347,20347
20349,20349
20350,20350
20351,20351
20352,20352
20353,20353
20354,20354
20355,20355
20356,20356
20357,20357
20358,20358
20359,20359
20360,20360
20361,20361
20364,20364
20365,20365
20366,20366
20367,20367
20368,20368
20369,20369
20370,20370
20371,20371
20372,20372
20373,20373
20374,20374
20375,20375
20376,20376
20377,20377
20378,20378
20380,20380
20381,20381
20383,20383
20384,20384
20385,20385
20386,20386
20388,20388
20391,20391
20392,20392
20393,20393
20394,20394
20395,20395
20396,20396
20398,20398
20400,20400
20401,20401
20402,20402
20403,20403
20404,20404
20405,20405
20406,20406
20407,20407
20408,20408
20410,20410
20411,20411
20412,20412
20413,20413
20415,20415
20416,20416
20417,20417
20420,20420
20421,20421
20422,20422
20425,20425
20426,20426
20428,20428
20429,20429
20430,20430
20431,20431
20432,20432
20434,20434
20435,20435
20437,20437
20438,20438
20439,20439
20441,20441
20442,20442
20443,20443
20444,20444
20445,20445
20447,20447
20448,20448
20451,20451
20452,20452
20454,20454
20455,20455
20456,20456
20457,20457
20458,20458
20462,20462
20463,20463
20465,20465
20466,20466
20467,20467
20468,20468
20469,20469
20470,20470
20472,20472
20475,20475
20476,20476
20477,20477
20478,20478
20479,20479
20480,20480
20481,20481
20482,20482
20484,20484
20485,20485
20486,20486
20487,20487
20488,20488
20489,20489
20491,20491
20492,20492
20493,20493
20494,20494
20495,20495
20496,20496
20497,20497
20498,20498
20499,20499
20500,20500
20501,20501
20502,20502
20503,20503
20504,20504
20507,20507
20601,20601
20602,20602
20603,20603
20605,20605
20606,20606
20610,20610
20611,20611
20612,20612
20613,20613
20614,20614
20615,20615
20617,20617
20618,20618
20619,20619
20620,20620
20622,20622
20623,20623
20624,20624
20626,20626
20627,20627
20628,20628
20629,20629
20630,20630
20631,20631
20632,20632
20633,20633
20634,20634
20635,20635
20637,20637
20640,20640
20702,20702
20703,20703
20705,20705
20706,20706
20707,20707
20708,20708
20709,20709
20711,20711
20712,20712
20713,20713
20714,20714
20715,20715
20717,20717
20718,20718
20720,20720
20721,20721
20722,20722
20723,20723
20724,20724
20725,20725
20727,20727
20728,20728
20729,20729
20730,20730
20731,20731
20732,20732
20734,20734
20735,20735
20737,20737
20740,20740
20742,20742
20744,20744
20745,20745
20746,20746
20747,20747
20748,20748
20751,20751
20754,20754
20755,20755
20756,20756
20757,20757
20758,20758
20759,20759
20760,20760
20761,20761
20763,20763
20765,20765
20767,20767
20768,20768
20769,20769
20770,20770
20771,20771
20772,20772
20773,20773
20775,20775
20776,20776
20778,20778
20779,20779
20781,20781
20783,20783
20785,20785
20787,20787
20788,20788
20789,20789
20790,20790
20791,20791
20794,20794
20796,20796
20801,20801
20802,20802
20803,20803
20804,20804
20805,20805
20806,20806
20807,20807
20808,20808
20810,20810
20812,20812
20814,20814
20815,20815
20817,20817
20818,20818
20819,20819
20820,20820
20821,20821
20822,20822
20823,20823
20824,20824
20825,20825
20826,20826
20829,20829
20831,20831
20832,20832
20833,20833
20834,20834
20836,20836
20837,20837
20838,20838
20840,20840
20841,20841
20842,20842
20844,20844
20845,20845
20846,20846
20847,20847
20848,20848
20849,20849
20850,20850
20851,20851
20852,20852
20853,20853
20854,20854
20855,20855
20856,20856
20860,20860
20861,20861
20862,20862
20863,20863
20864,20864
20865,20865
20866,20866
20868,20868
20869,20869
20870,20870
20872,20872
20873,20873
20875,20875
20876,20876
20877,20877
20879,20879
20880,20880
20881,20881
20882,20882
20883,20883
20884,20884
20887,20887
20889,20889
20890,20890
20891,20891
20892,20892
20893,20893
20895,20895
20896,20896
20898,20898
20899,20899
20900,20900
20902,20902
20904,20904
20905,20905
20906,20906
20907,20907
20908,20908
20911,20911
20912,20912
20913,20913
20914,20914
20915,20915
20918,20918
20919,20919
20922,20922
20924,20924
20926,20926
20927,20927
20928,20928
20933,20933
20934,20934
20935,20935
20936,20936
20937,20937
20939,20939
20940,20940
20941,20941
20942,20942
20943,20943
20944,20944
20945,20945
20946,20946
20947,20947
20948,20948
20949,20949
20952,20952
20954,20954
20955,20955
20956,20956
20957,20957
20958,20958
20960,20960
21002,21002
21003,21003
21004,21004
21005,21005
21008,21008
21009,21009
21012,21012
21013,21013
21015,21015
21016,21016
21017,21017
21019,21019
21020,21020
21021,21021
21022,21022
21024,21024
21025,21025
21027,21027
21028,21028
21029,21029
21030,21030
21031,21031
21034,21034
21035,21035
21036,21036
21038,21038
21039,21039
21041,21041
21042,21042
21046,21046
21048,21048
21049,21049
21050,21050
21051,21051
21053,21053
21055,21055
21056,21056
21057,21057
21058,21058
21059,21059
21060,21060
21061,21061
21063,21063
21064,21064
21065,21065
21066,21066
21067,21067
21068,21068
21071,21071
21072,21072
21074,21074
21076,21076
21077,21077
21078,21078
21080,21080
21082,21082
21083,21083
21084,21084
21085,21085
21086,21086
21087,21087
21090,21090
21091,21091
21092,21092
21093,21093
21096,21096
21098,21098
21099,21099
21100,21100
21102,21102
21103,21103
21104,21104
21105,21105
21106,21106
21108,21108
21109,21109
21110,21110
21111,21111
21112,21112
21113,21113
21114,21114
21115,21115
21116,21116
21117,21117
21119,21119
21120,21120
21201,21201
21202,21202
21203,21203
21205,21205
21206,21206
21207,21207
21210,21210
21211,21211
21212,21212
21214,21214
21215,21215
21216,21216
21217,21217
21218,21218
21219,21219
21220,21220
21221,21221
21222,21222
21223,21223
21224,21224
21226,21226
21227,21227
21229,21229
21231,21231
21232,21232
21233,21233
21234,21234
21238,21238
21241,21241
21242,21242
21243,21243
21244,21244
21245,21245
21247,21247
21248,21248
21249,21249
21250,21250
21251,21251
21252,21252
21253,21253
21254,21254
21255,21255
21257,21257
21258,21258
21259,21259
21260,21260
21261,21261
21262,21262
21263,21263
21265,21265
21267,21267
21268,21268
21269,21269
21270,21270
21273,21273
21274,21274
21275,21275
21276,21276
21277,21277
21279,21279
21280,21280
21281,21281
21282,21282
21283,21283
21285,21285
21287,21287
21289,21289
21290,21290
21292,21292
21293,21293
21298,21298
21299,21299
21301,21301
21302,21302
21303,21303
21304,21304
21305,21305
21307,21307
21309,21309
21310,21310
21311,21311
21312,21312
21313,21313
21314,21314
21315,21315
21316,21316
21318,21318
21319,21319
21320,21320
21321,21321
21322,21322
21325,21325
21327,21327
21328,21328
21329,21329
21330,21330
21331,21331
21332,21332
21333,21333
21334,21334
21335,21335
21336,21336
21337,21337
21339,21339
21341,21341
21342,21342
21343,21343
21344,21344
21345,21345
21346,21346
21347,21347
21349,21349
21352,21352
21353,21353
21354,21354
21355,21355
21356,21356
21357,21357
21358,21358
21360,21360
21361,21361
21363,21363
21364,21364
21365,21365
21366,21366
21367,21367
21368,21368
21369,21369
21370,21370
21373,21373
21375,21375
21377,21377
21378,21378
21379,21379
21380,21380
21381,21381
21382,21382
21384,21384
21385,21385
21386,21386
21388,21388
21389,21389
21390,21390
21391,21391
21392,21392
21394,21394
21395,21395
21396,21396
21398,21398
21399,21399
21400,21400
21402,21402
21403,21403
21404,21404
21405,21405
21408,21408
21409,21409
21410,21410
21411,21411
21412,21412
21414,21414
21416,21416
21501,21501
21502,21502
21503,21503
21504,21504
21505,21505
21506,21506
21507,21507
21508,21508
21509,21509
21510,21510
21511,21511
21512,21512
21513,21513
21515,21515
21516,21516
21519,21519
21521,21521
21522,21522
21526,21526
21527,21527
21528,21528
21529,21529
21530,21530
21531,21531
21532,21532
21533,21533
21535,21535
21536,21536
21538,21538
21539,21539
21540,21540
21541,21541
21542,21542
21543,21543
21544,21544
21547,21547
21548,21548
21549,21549
21550,21550
21552,21552
21553,21553
21556,21556
21558,21558
21559,21559
21560,21560
21562,21562
21564,21564
21565,21565
21566,21566
21568,21568
21570,21570
21571,21571
21573,21573
21574,21574
21576,21576
21582,21582
21583,21583
21585,21585
21586,21586
21587,21587
21588,21588
21589,21589
21592,21592
21593,21593
21594,21594
21595,21595
21597,21597
21599,21599
21600,21600
21601,21601
21602,21602
21603,21603
21604,21604
21605,21605
21606,21606
21607,21607
21608,21608
21609,21609
21611,21611
21613,21613
21614,21614
21615,21615
21616,21616
21617,21617
21618,21618
21619,21619
21622,21622
21624,21624
21626,21626
21627,21627
21628,21628
21629,21629
21630,21630
21631,21631
21632,21632
21633,21633
21634,21634
21635,21635
21637,21637
21638,21638
21641,21641
21642,21642
21643,21643
21645,21645
21647,21647
21649,21649
21650,21650
21651,21651
21652,21652
21653,21653
21656,21656
21657,21657
21658,21658
21660,21660
21661,21661
21662,21662
21663,21663
21664,21664
21665,21665
21666,21666
21668,21668
21670,21670
21671,21671
21672,21672
21674,21674
21675,21675
21676,21676
21677,21677
21680,21680
21681,21681
21682,21682
21683,21683
21684,21684
21685,21685
21686,21686
21687,21687
21688,21688
21690,21690
21691,21691
21692,21692
21694,21694
21696,21696
21697,21697
21698,21698
21699,21699
21700,21700
21701,21701
21702,21702
21703,21703
21704,21704
21706,21706
21708,21708
21709,21709
21710,21710
21711,21711
21713,21713
21714,21714
21715,21715
21716,21716
21717,21717
21718,21718
21722,21722
21723,21723
21724,21724
21725,21725
21726,21726
21727,21727
21728,21728
21729,21729
21730,21730
21731,21731
21732,21732
21733,21733
21735,21735
21736,21736
21737,21737
21738,21738
21742,21742
21743,21743
21746,21746
21747,21747
21749,21749
21751,21751
21752,21752
21754,21754
21756,21756
21758,21758
21761,21761
21762,21762
21763,21763
21764,21764
21765,21765
21766,21766
21767,21767
21768,21768
21769,21769
21771,21771
21772,21772
21773,21773
21774,21774
21775,21775
21777,21777
21778,21778
21779,21779
21780,21780
21781,21781
21782,21782
21783,21783
21784,21784
21785,21785
21787,21787
21788,21788
21789,21789
21790,21790
21792,21792
21794,21794
21795,21795
21797,21797
21799,21799
21800,21800
21801,21801
21802,21802
21803,21803
21805,21805
21806,21806
21807,21807
21808,21808
21809,21809
21810,21810
21811,21811
21812,21812
21814,21814
21815,21815
21816,21816
21817,21817
21818,21818
21820,21820
21824,21824
21825,21825
21827,21827
21828,21828
21831,21831
21833,21833
21834,21834
21835,21835
21836,21836
21837,21837
21838,21838
21839,21839
21840,21840
21841,21841
21842,21842
21843,21843
21846,21846
21848,21848
21849,21849
21850,21850
21853,21853
21857,21857
21858,21858
21859,21859
21860,21860
21863,21863
21864,21864
21865,21865
21868,21868
21869,21869
21870,21870
21871,21871
21872,21872
21874,21874
21875,21875
21876,21876
21877,21877
21878,21878
21879,21879
21880,21880
21881,21881
21882,21882
21883,21883
21884,21884
21885,21885
21886,21886
21887,21887
21888,21888
21889,21889
21891,21891
21896,21896
21897,21897
21898,21898
21899,21899
21902,21902
21906,21906
21907,21907
21908,21908
22002,22002
22003,22003
22004,22004
22005,22005
22006,22006
22008,22008
22009,22009
22010,22010
22011,22011
22012,22012
22014,22014
22016,22016
22017,22017
22018,22018
22019,22019
22020,22020
22021,22021
22022,22022
22024,22024
22025,22025
22026,22026
22027,22027
22029,22029
22030,22030
22031,22031
22032,22032
22033,22033
22035,22035
22036,22036
22037,22037
22038,22038
22039,22039
22040,22040
22041,22041
22042,22042
22044,22044
22045,22045
22046,22046
22047,22047
22048,22048
22050,22050
22051,22051
22052,22052
22053,22053
22054,22054
22055,22055
22056,22056
22057,22057
22058,22058
22059,22059
22060,22060
22063,22063
22064,22064
22065,22065
22066,22066
22067,22067
22068,22068
22069,22069
22070,22070
22071,22071
22072,22072
22074,22074
22075,22075
22076,22076
22077,22077
22078,22078
22082,22082
22086,22086
22089,22089
22090,22090
22091,22091
22093,22093
22094,22094
22095,22095
22096,22096
22097,22097
22099,22099
22102,22102
22103,22103
22105,22105
22106,22106
22109,22109
22110,22110
22111,22111
22113,22113
22116,22116
22119,22119
22121,22121
22122,22122
22123,22123
22126,22126
22128,22128
22130,22130
22131,22131
22135,22135
22136,22136
22137,22137
22138,22138
22139,22139
22141,22141
22142,22142
22143,22143
22145,22145
22146,22146
22148,22148
22149,22149
22150,22150
22151,22151
22154,22154
22155,22155
22156,22156
22157,22157
22158,22158
22159,22159
22160,22160
22161,22161
22165,22165
22166,22166
22167,22167
22201,22201
22202,22202
22203,22203
22204,22204
22205,22205
22206,22206
22207,22207
22208,22208
22209,22209
22210,22210
22212,22212
22213,22213
22214,22214
22215,22215
22216,22216
22217,22217
22219,22219
22220,22220
22221,22221
22222,22222
22223,22223
22224,22224
22225,22225
22226,22226
22227,22227
22229,22229
22230,22230
22232,22232
22233,22233
22234,22234
22236,22236
22237,22237
22238,22238
22239,22239
22240,22240
22301,22301
22303,22303
22305,22305
22306,22306
22307,22307
22308,22308
22311,22311
22312,22312
22313,22313
22314,22314
22315,22315
22316,22316
22317,22317
22319,22319
22320,22320
22321,22321
22322,22322
22323,22323
22325,22325
22326,22326
22327,22327
22328,22328
22329,22329
22330,22330
22331,22331
22332,22332
22333,22333
22334,22334
22335,22335
22336,22336
22337,22337
22339,22339
22341,22341
22344,22344
22345,22345
22347,22347
22348,22348
22349,22349
22351,22351
22352,22352
22353,22353
22354,22354
22355,22355
22356,22356
22357,22357
22359,22359
22360,22360
22361,22361
22362,22362
22363,22363
22365,22365
22366,22366
22367,22367
22369,22369
22370,22370
22372,22372
22374,22374
22376,22376
22377,22377
22378,22378
22379,22379
22401,22401
22402,22402
22403,22403
22404,22404
22405,22405
22406,22406
22407,22407
22408,22408
22409,22409
22410,22410
22412,22412
22415,22415
22417,22417
22418,22418
22419,22419
22420,22420
22421,22421
22422,22422
22423,22423
22425,22425
22428,22428
22429,22429
22430,22430
22431,22431
22433,22433
22434,22434
22435,22435
22436,22436
22438,22438
22440,22440
22441,22441
22442,22442
22443,22443
22444,22444
22445,22445
22446,22446
22448,22448
22450,22450
22451,22451
22452,22452
22453,22453
22454,22454
22455,22455
22456,22456
22501,22501
22502,22502
22503,22503
22504,22504
22506,22506
22507,22507
22508,22508
22509,22509
22510,22510
22511,22511
22513,22513
22515,22515
22517,22517
22519,22519
22520,22520
22521,22521
22522,22522
22523,22523
22524,22524
22525,22525
22526,22526
22527,22527
22528,22528
22530,22530
22531,22531
22533,22533
22535,22535
22536,22536
22537,22537
22539,22539
22540,22540
22541,22541
22542,22542
22543,22543
22545,22545
22546,22546
22547,22547
22548,22548
22549,22549
22550,22550
22551,22551
22552,22552
22553,22553
22554,22554
22555,22555
22556,22556
22558,22558
22561,22561
22563,22563
22564,22564
22565,22565
22568,22568
22569,22569
22570,22570
22572,22572
22573,22573
22574,22574
22575,22575
22576,22576
22577,22577
22579,22579
22580,22580
22581,22581
22583,22583
22584,22584
22586,22586
22588,22588
22590,22590
22591,22591
22593,22593
22594,22594
22595,22595
22597,22597
22598,22598
22599,22599
22602,22602
22603,22603
22604,22604
22605,22605
22607,22607
22608,22608
22609,22609
22610,22610
22611,22611
22612,22612
22614,22614
22615,22615
22616,22616
22618,22618
22620,22620
22621,22621
22622,22622
22625,22625
22626,22626
22629,22629
22630,22630
22631,22631
22632,22632
22633,22633
22634,22634
22636,22636
22638,22638
22639,22639
22640,22640
22641,22641
22642,22642
22644,22644
22645,22645
22648,22648
22649,22649
22650,22650
22651,22651
22652,22652
22653,22653
22655,22655
22656,22656
22657,22657
22658,22658
22659,22659
22701,22701
22702,22702
22703,22703
22704,22704
22706,22706
22707,22707
22708,22708
22709,22709
22711,22711
22712,22712
22713,22713
22714,22714
22715,22715
22716,22716
22717,22717
22721,22721
22722,22722
22724,22724
22725,22725
22726,22726
22727,22727
22728,22728
22729,22729
22730,22730
22732,22732
22733,22733
22734,22734
22735,22735
22736,22736
22737,22737
22740,22740
22741,22741
22742,22742
22744,22744
22747,22747
22749,22749
22752,22752
22753,22753
22755,22755
22756,22756
22757,22757
22758,22758
22759,22759
22760,22760
22761,22761
22762,22762
22763,22763
22766,22766
22772,22772
22773,22773
22774,22774
22775,22775
22776,22776
22777,22777
22778,22778
22779,22779
22780,22780
22781,22781
22782,22782
22783,22783
22787,22787
22788,22788
22789,22789
22790,22790
22791,22791
22792,22792
22793,22793
22795,22795
22798,22798
22799,22799
22800,22800
22801,22801
22802,22802
22804,22804
22805,22805
22806,22806
22807,22807
22808,22808
22809,22809
22810,22810
22811,22811
22812,22812
22813,22813
22814,22814
22816,22816
22817,22817
22818,22818
22819,22819
22820,22820
22823,22823
22824,22824
22825,22825
22826,22826
22827,22827
22901,22901
22902,22902
22903,22903
22905,22905
22906,22906
22907,22907
22908,22908
22909,22909
22910,22910
22911,22911
22912,22912
22913,22913
22914,22914
22915,22915
22916,22916
22917,22917
22918,22918
22919,22919
22921,22921
22923,22923
22924,22924
22925,22925
22927,22927
22928,22928
22929,22929
22932,22932
22933,22933
22934,22934
22935,22935
22936,22936
22937,22937
22938,22938
22939,22939
22941,22941
22945,22945
22946,22946
22947,22947
22948,22948
22949,22949
22950,22950
22951,22951
22952,22952
22954,22954
22955,22955
22956,22956
22957,22957
22958,22958
22959,22959
22962,22962
22963,22963
22964,22964
22966,22966
22967,22967
22968,22968
22969,22969
22970,22970
22972,22972
22973,22973
22977,22977
22979,22979
22980,22980
23001,23001
23002,23002
23003,23003
23004,23004
23005,23005
23006,23006
23009,23009
23010,23010
23013,23013
23014,23014
23015,23015
23016,23016
23017,23017
23018,23018
23021,23021
23022,23022
23023,23023
23025,23025
23027,23027
23028,23028
23029,23029
23031,23031
23032,23032
23033,23033
23035,23035
23036,23036
23037,23037
23039,23039
23041,23041
23044,23044
23045,23045
23046,23046
23047,23047
23048,23048
23049,23049
23050,23050
23051,23051
23053,23053
23054,23054
23102,23102
23103,23103
23104,23104
23106,23106
23107,23107
23108,23108
23109,23109
23110,23110
23111,23111
23112,23112
23113,23113
23114,23114
23116,23116
23118,23118
23120,23120
23121,23121
23123,23123
23125,23125
23126,23126
23127,23127
23128,23128
23129,23129
23130,23130
23133,23133
23134,23134
23135,23135
23136,23136
23137,23137
23138,23138
23139,23139
23140,23140
23141,23141
23143,23143
23145,23145
23146,23146
23147,23147
23148,23148
23149,23149
23150,23150
23151,23151
23152,23152
23153,23153
23155,23155
23156,23156
23157,23157
23158,23158
23159,23159
23160,23160
23161,23161
23162,23162
23163,23163
23165,23165
23166,23166
23167,23167
23168,23168
23169,23169
23170,23170
23171,23171
23172,23172
23173,23173
23174,23174
23175,23175
23177,23177
23178,23178
23179,23179
23180,23180
23181,23181
23183,23183
23184,23184
23186,23186
23190,23190
23191,23191
23192,23192
23194,23194
23195,23195
23197,23197
23199,23199
23200,23200
23203,23203
23205,23205
23206,23206
23208,23208
23209,23209
23210,23210
23211,23211
23212,23212
23302,23302
23303,23303
23305,23305
23306,23306
23307,23307
23308,23308
23309,23309
23310,23310
23311,23311
23313,23313
23314,23314
23316,23316
23317,23317
23318,23318
23320,23320
23322,23322
23324,23324
23325,23325
23326,23326
23327,23327
23331,23331
23332,23332
23333,23333
23334,23334
23335,23335
23337,23337
23338,23338
23339,23339
23340,23340
23341,23341
23344,23344
23345,23345
23346,23346
23347,23347
23348,23348
23349,23349
23350,23350
23351,23351
23354,23354
23355,23355
23356,23356
23357,23357
23359,23359
23361,23361
23362,23362
23363,23363
23364,23364
23365,23365
23366,23366
23367,23367
23370,23370
23371,23371
23372,23372
23375,23375
23376,23376
23377,23377
23380,23380
23381,23381
23382,23382
23383,23383
23385,23385
23386,23386
23389,23389
23390,23390
23391,23391
23392,23392
23393,23393
23394,23394
23396,23396
23398,23398
23399,23399
23401,23401
23402,23402
23403,23403
23404,23404
23405,23405
23406,23406
23409,23409
23410,23410
23412,23412
23413,23413
23414,23414
23415,23415
23416,23416
23417,23417
23419,23419
23423,23423
23424,23424
23425,23425
23426,23426
23428,23428
23429,23429
23430,23430
23431,23431
23432,23432
23433,23433
23434,23434
23435,23435
23436,23436
23439,23439
23440,23440
23443,23443
23445,23445
23447,23447
23449,23449
23451,23451
23454,23454
23455,23455
23456,23456
23457,23457
23458,23458
23460,23460
23461,23461
23462,23462
23464,23464
23466,23466
23467,23467
23468,23468
23469,23469
23470,23470
23472,23472
23474,23474
23477,23477
23479,23479
23480,23480
23481,23481
23482,23482
23483,23483
23484,23484
23485,23485
23486,23486
23487,23487
23488,23488
23489,23489
23491,23491
23492,23492
23493,23493
23497,23497
23498,23498
23499,23499
23500,23500
23501,23501
23502,23502
23503,23503
23505,23505
23506,23506
23507,23507
23508,23508
23509,23509
23512,23512
23513,23513
23514,23514
23515,23515
23516,23516
23517,23517
23518,23518
23521,23521
23522,23522
23523,23523
23524,23524
23525,23525
23526,23526
23529,23529
23530,23530
23532,23532
23533,23533
23534,23534
23535,23535
23536,23536
23537,23537
23538,23538
23539,23539
23541,23541
23542,23542
23543,23543
23544,23544
23545,23545
23546,23546
23548,23548
23549,23549
23551,23551
23553,23553
23555,23555
23557,23557
23558,23558
23560,23560
23561,23561
23563,23563
23565,23565
23567,23567
23568,23568
23569,23569
23570,23570
23571,23571
23573,23573
23575,23575
23576,23576
23577,23577
23579,23579
23580,23580
23584,23584
23586,23586
23587,23587
23588,23588
23589,23589
23590,23590
23591,23591
23592,23592
23593,23593
23594,23594
23595,23595
23596,23596
23597,23597
23598,23598
23600,23600
23601,23601
23603,23603
23604,23604
23606,23606
23608,23608
23609,23609
23610,23610
23611,23611
23612,23612
23614,23614
23615,23615
23616,23616
23618,23618
23619,23619
23620,23620
23621,23621
23622,23622
23623,23623
23624,23624
23625,23625
23626,23626
23627,23627
23628,23628
23629,23629
23630,23630
23632,23632
23633,23633
23634,23634
23636,23636
23638,23638
23639,23639
23640,23640
23641,23641
23642,23642
23643,23643
23644,23644
23645,23645
23648,23648
23652,23652
23653,23653
23654,23654
23655,23655
23656,23656
23657,23657
23659,23659
23660,23660
23662,23662
23663,23663
23664,23664
23665,23665
23666,23666
23667,23667
23669,23669
23670,23670
23671,23671
23674,23674
23675,23675
23676,23676
23701,23701
23702,23702
23703,23703
23704,23704
23706,23706
23708,23708
23710,23710
23711,23711
23712,23712
23714,23714
23715,23715
23717,23717
23718,23718
23719,23719
23720,23720
23721,23721
23722,23722
23723,23723
23724,23724
23725,23725
23726,23726
23727,23727
23728,23728
23729,23729
23730,23730
23731,23731
23732,23732
23734,23734
23736,23736
23739,23739
23740,23740
23741,23741
23742,23742
23743,23743
23744,23744
23745,23745
23747,23747
23748,23748
23749,23749
23750,23750
23751,23751
23752,23752
23753,23753
23755,23755
23757,23757
23758,23758
23759,23759
23762,23762
23763,23763
23765,23765
23766,23766
23767,23767
23768,23768
23769,23769
23770,23770
23771,23771
23772,23772
23775,23775
23776,23776
23778,23778
23779,23779
23780,23780
23782,23782
23783,23783
23784,23784
23786,23786
23787,23787
23788,23788
23789,23789
23790,23790
23791,23791
23792,23792
23793,23793
23794,23794
23796,23796
23797,23797
23798,23798
23800,23800
23802,23802
23803,23803
23804,23804
23805,23805
23806,23806
23807,23807
23808,23808
23809,23809
23810,23810
23811,23811
23812,23812
23813,23813
23814,23814
23815,23815
23817,23817
23818,23818
23819,23819
23820,23820
23822,23822
23823,23823
23824,23824
23826,23826
23827,23827
23828,23828
23829,23829
23830,23830
23831,23831
23834,23834
23901,23901
23902,23902
23903,23903
23904,23904
23905,23905
23906,23906
23907,23907
23908,23908
23909,23909
23910,23910
23911,23911
23912,23912
23913,23913
23915,23915
23916,23916
23917,23917
23919,23919
23920,23920
23922,23922
23923,23923
23925,23925
23926,23926
23929,23929
23930,23930
23931,23931
23935,23935
23937,23937
23938,23938
23940,23940
23941,23941
23944,23944
23946,23946
23947,23947
23948,23948
23949,23949
23950,23950
23951,23951
23952,23952
23954,23954
23955,23955
23956,23956
23958,23958
23959,23959
23960,23960
23962,23962
23963,23963
23964,23964
23965,23965
23967,23967
23968,23968
23969,23969
23970,23970
23971,23971
23972,23972
23973,23973
23975,23975
23976,23976
23977,23977
23979,23979
23980,23980
23981,23981
23982,23982
23983,23983
23984,23984
23985,23985
23986,23986
23987,23987
23988,23988
23989,23989
23990,23990
23992,23992
23993,23993
23994,23994
23995,23995
23996,23996
24000,24000
24001,24001
24002,24002
24004,24004
24005,24005
24006,24006
24007,24007
24009,24009
24010,24010
24013,24013
24015,24015
24016,24016
24018,24018
24019,24019
24020,24020
24021,24021
24022,24022
24023,24023
24024,24024
24025,24025
24026,24026
24027,24027
24028,24028
24029,24029
24031,24031
24033,24033
24035,24035
24036,24036
24101,24101
24103,24103
24105,24105
24106,24106
24107,24107
24109,24109
24111,24111
24113,24113
24114,24114
24116,24116
24117,24117
24118,24118
24120,24120
24121,24121
24123,24123
24125,24125
24127,24127
24128,24128
24129,24129
24131,24131
24132,24132
24133,24133
24134,24134
24135,24135
24136,24136
24139,24139
24140,24140
24141,24141
24142,24142
24143,24143
24144,24144
24146,24146
24147,24147
24148,24148
24149,24149
24150,24150
24152,24152
24153,24153
24154,24154
24156,24156
24158,24158
24159,24159
24162,24162
24163,24163
24164,24164
24165,24165
24166,24166
24168,24168
24169,24169
24170,24170
24171,24171
24172,24172
24173,24173
24174,24174
24175,24175
24176,24176
24177,24177
24178,24178
24179,24179
24180,24180
24181,24181
24182,24182
24184,24184
24186,24186
24187,24187
24188,24188
24189,24189
24190,24190
24191,24191
24193,24193
24194,24194
24195,24195
24197,24197
24199,24199
24200,24200
24201,24201
24202,24202
24204,24204
24301,24301
24302,24302
24303,24303
24305,24305
24308,24308
24309,24309
24310,24310
24311,24311
24313,24313
24316,24316
24317,24317
24319,24319
24320,24320
24323,24323
24324,24324
24325,24325
24328,24328
24330,24330
24333,24333
24334,24334
24335,24335
24336,24336
24338,24338
24342,24342
24343,24343
24344,24344
24347,24347
24348,24348
24351,24351
24352,24352
24353,24353
24354,24354
24355,24355
24356,24356
24358,24358
24359,24359
24360,24360
24361,24361
24363,24363
24364,24364
24365,24365
24366,24366
24367,24367
24369,24369
24371,24371
24372,24372
24373,24373
24374,24374
24375,24375
24377,24377
24378,24378
24379,24379
24380,24380
24381,24381
24382,24382
24384,24384
24385,24385
24386,24386
24387,24387
24389,24389
24392,24392
24393,24393
24394,24394
24395,24395
24396,24396
24397,24397
24398,24398
24399,24399
24401,24401
24402,24402
24403,24403
24404,24404
24405,24405
24407,24407
24408,24408
24409,24409
24412,24412
24413,24413
24414,24414
24415,24415
24416,24416
24417,24417
24418,24418
24419,24419
24421,24421
24422,24422
24424,24424
24426,24426
24427,24427
24429,24429
24430,24430
24431,24431
24432,24432
24433,24433
24434,24434
24435,24435
24436,24436
24437,24437
24438,24438
24440,24440
24441,24441
24444,24444
24446,24446
24447,24447
24448,24448
24449,24449
24450,24450
24451,24451
24452,24452
24453,24453
24454,24454
24456,24456
24457,24457
24458,24458
24459,24459
24461,24461
24462,24462
24463,24463
24464,24464
24465,24465
24467,24467
24468,24468
24470,24470
24472,24472
24473,24473
24475,24475
24476,24476
24480,24480
24482,24482
24483,24483
24484,24484
24486,24486
24487,24487
24488,24488
24489,24489
24491,24491
24493,24493
24494,24494
24496,24496
24497,24497
24498,24498
24499,24499
24500,24500
24501,24501
24502,24502
24503,24503
24506,24506
24507,24507
24508,24508
24509,24509
24510,24510
24514,24514
24517,24517
24518,24518
24519,24519
24520,24520
24521,24521
24523,24523
24524,24524
24525,24525
24526,24526
24527,24527
24528,24528
24530,24530
24532,24532
24533,24533
24536,24536
24537,24537
24539,24539
24540,24540
24541,24541
24543,24543
24544,24544
24545,24545
24546,24546
24548,24548
24601,24601
24602,24602
24603,24603
24604,24604
24605,24605
24606,24606
24608,24608
24611,24611
24613,24613
24614,24614
24615,24615
24618,24618
24619,24619
24622,24622
24623,24623
24624,24624
24625,24625
24627,24627
24628,24628
24629,24629
24630,24630
24632,24632
24633,24633
24635,24635
24636,24636
24638,24638
24639,24639
24640,24640
24641,24641
24642,24642
24643,24643
24644,24644
24646,24646
24647,24647
24648,24648
24649,24649
24650,24650
24652,24652
24653,24653
24655,24655
24658,24658
24660,24660
24661,24661
24662,24662
24665,24665
24667,24667
24668,24668
24669,24669
24670,24670
24671,24671
24672,24672
24673,24673
24674,24674
24676,24676
24680,24680
24682,24682
24683,24683
24684,24684
24685,24685
24686,24686
24688,24688
24689,24689
24691,24691
24692,24692
24693,24693
24694,24694
24695,24695
24698,24698
24699,24699
24702,24702
24703,24703
24704,24704
24705,24705
24706,24706
24707,24707
24708,24708
24709,24709
24710,24710
24711,24711
24713,24713
24714,24714
24715,24715
24716,24716
24717,24717
24718,24718
24719,24719
24720,24720
24721,24721
24722,24722
24723,24723
24724,24724
24725,24725
24726,24726
24727,24727
24728,24728
24729,24729
24731,24731
24732,24732
24733,24733
24734,24734
24735,24735
24736,24736
24737,24737
24738,24738
24739,24739
24741,24741
24742,24742
24744,24744
24745,24745
24746,24746
24748,24748
24749,24749
24750,24750
24751,24751
24753,24753
24755,24755
24756,24756
24760,24760
24761,24761
24763,24763
24764,24764
24765,24765
24766,24766
24769,24769
24770,24770
24771,24771
24772,24772
24773,24773
24774,24774
24777,24777
24778,24778
24779,24779
24780,24780
24781,24781
24782,24782
24783,24783
24785,24785
24786,24786
24787,24787
24789,24789
24790,24790
24791,24791
24795,24795
24796,24796
24797,24797
24798,24798
24800,24800
24802,24802
24803,24803
24805,24805
24808,24808
24809,24809
24810,24810
24811,24811
24812,24812
24814,24814
24816,24816
24817,24817
24818,24818
24819,24819
24820,24820
24821,24821
24823,24823
24825,24825
24826,24826
24829,24829
24831,24831
24832,24832
24901,24901
24903,24903
24904,24904
24905,24905
24906,24906
24907,24907
24908,24908
25001,25001
25002,25002
25003,25003
25005,25005
25006,25006
25007,25007
25008,25008
25009,25009
25010,25010
25011,25011
25012,25012
25014,25014
25015,25015
25016,25016
25101,25101
25103,25103
25105,25105
25106,25106
25107,25107
25108,25108
25109,25109
25111,25111
25114,25114
25115,25115
25116,25116
25117,25117
25118,25118
25119,25119
25120,25120
25121,25121
25122,25122
25124,25124
25125,25125
25127,25127
25128,25128
25129,25129
25130,25130
25131,25131
25132,25132
25135,25135
25136,25136
25137,25137
25138,25138
25139,25139
25140,25140
25141,25141
25142,25142
25143,25143
25144,25144
25146,25146
25148,25148
25150,25150
25151,25151
25152,25152
25153,25153
25156,25156
25157,25157
25159,25159
25160,25160
25162,25162
25164,25164
25165,25165
25166,25166
25167,25167
25168,25168
25169,25169
25171,25171
25172,25172
25173,25173
25177,25177
25179,25179
25180,25180
25181,25181
25182,25182
25183,25183
25184,25184
25186,25186
25187,25187
25188,25188
25190,25190
25191,25191
25192,25192
25193,25193
25194,25194
25196,25196
25197,25197
25198,25198
25199,25199
25201,25201
25202,25202
25204,25204
25205,25205
25206,25206
25207,25207
25208,25208
25209,25209
25210,25210
25211,25211
25212,25212
25213,25213
25216,25216
25217,25217
25218,25218
25219,25219
25220,25220
25224,25224
25225,25225
25226,25226
25227,25227
25228,25228
25229,25229
25231,25231
25232,25232
25234,25234
25235,25235
25236,25236
25237,25237
25238,25238
25239,25239
25240,25240
25241,25241
25242,25242
25243,25243
25244,25244
25245,25245
25246,25246
25248,25248
25250,25250
25251,25251
25252,25252
25253,25253
25254,25254
25256,25256
25257,25257
25258,25258
25259,25259
25260,25260
25261,25261
25263,25263
25264,25264
25265,25265
25266,25266
25267,25267
25269,25269
25270,25270
25271,25271
25272,25272
25273,25273
25274,25274
25276,25276
25277,25277
25278,25278
25280,25280
25282,25282
25283,25283
25285,25285
25287,25287
25288,25288
25289,25289
25292,25292
25293,25293
25296,25296
25297,25297
25298,25298
25300,25300
25303,25303
25304,25304
25306,25306
25307,25307
25308,25308
25309,25309
25311,25311
25312,25312
25314,25314
25315,25315
25317,25317
25321,25321
25324,25324
25325,25325
25327,25327
25328,25328
25329,25329
25331,25331
25332,25332
25333,25333
25335,25335
25336,25336
25337,25337
25338,25338
25339,25339
25342,25342
25343,25343
25344,25344
25345,25345
25346,25346
25349,25349
25350,25350
25354,25354
25355,25355
25356,25356
25358,25358
25359,25359
25361,25361
25362,25362
25363,25363
25364,25364
25366,25366
25368,25368
25369,25369
25370,25370
25371,25371
25372,25372
25373,25373
25375,25375
25376,25376
25378,25378
25379,25379
25380,25380
25381,25381
25382,25382
25383,25383
25384,25384
25385,25385
25388,25388
25389,25389
25391,25391
25393,25393
25396,25396
25397,25397
25398,25398
25400,25400
25402,25402
25403,25403
25404,25404
25406,25406
25407,25407
25408,25408
25410,25410
25411,25411
25413,25413
25414,25414
25415,25415
25416,25416
25418,25418
25419,25419
25420,25420
25421,25421
25422,25422
25423,25423
25425,25425
25426,25426
25427,25427
25428,25428
25429,25429
25430,25430
25431,25431
25432,25432
25434,25434
25438,25438
25439,25439
25441,25441
25442,25442
25444,25444
25446,25446
25449,25449
25450,25450
25452,25452
25453,25453
25454,25454
25455,25455
25457,25457
25458,25458
25459,25459
25461,25461
25463,25463
25464,25464
25465,25465
25466,25466
25467,25467
25468,25468
25469,25469
25470,25470
25471,25471
25472,25472
25473,25473
25474,25474
25475,25475
25476,25476
25477,25477
25478,25478
25479,25479
25480,25480
25481,25481
25482,25482
25483,25483
25484,25484
25485,25485
25486,25486
25487,25487
25488,25488
25491,25491
25492,25492
25493,25493
25495,25495
25496,25496
25497,25497
25498,25498
25499,25499
25500,25500
25502,25502
25504,25504
25505,25505
25506,25506
25508,25508
25509,25509
25510,25510
25511,25511
25512,25512
25513,25513
25515,25515
25516,25516
25517,25517
25519,25519
25521,25521
25523,25523
25524,25524
25525,25525
25526,25526
25527,25527
25530,25530
25531,25531
25532,25532
25534,25534
25535,25535
25537,25537
25540,25540
25542,25542
25543,25543
25544,25544
25547,25547
25549,25549
25550,25550
25551,25551
25552,25552
25553,25553
25554,25554
25555,25555
25556,25556
25557,25557
25559,25559
25561,25561
25563,25563
25564,25564
25566,25566
25567,25567
25568,25568
25569,25569
25572,25572
25574,25574
25576,25576
25577,25577
25580,25580
25581,25581
25585,25585
25587,25587
25588,25588
25589,25589
25591,25591
25592,25592
25593,25593
25594,25594
25596,25596
25597,25597
25598,25598
25599,25599
25600,25600
25602,25602
25603,25603
25604,25604
25605,25605
25606,25606
25607,25607
25610,25610
25611,25611
25612,25612
25615,25615
25616,25616
25617,25617
25618,25618
25619,25619
25620,25620
25621,25621
25623,25623
25626,25626
25627,25627
25628,25628
25629,25629
25631,25631
25632,25632
25634,25634
25635,25635
25636,25636
25638,25638
25640,25640
25644,25644
25646,25646
25648,25648
25651,25651
25653,25653
25654,25654
25655,25655
25656,25656
25657,25657
25658,25658
25659,25659
25660,25660
25702,25702
25703,25703
25705,25705
25706,25706
25707,25707
25709,25709
25711,25711
25714,25714
25715,25715
25716,25716
25717,25717
25718,25718
25721,25721
25723,25723
25724,25724
25726,25726
25727,25727
25729,25729
25730,25730
25731,25731
25732,25732
25733,25733
25736,25736
25738,25738
25739,25739
25740,25740
25744,25744
25745,25745
25748,25748
25749,25749
25751,25751
25752,25752
25753,25753
25754,25754
25756,25756
25757,25757
25758,25758
25760,25760
25761,25761
25762,25762
25763,25763
25765,25765
25766,25766
25767,25767
25768,25768
25769,25769
25770,25770
25771,25771
25773,25773
25774,25774
25775,25775
25776,25776
25778,25778
25779,25779
25781,25781
25782,25782
25783,25783
25784,25784
25786,25786
25787,25787
25788,25788
25789,25789
25792,25792
25793,25793
25795,25795
25797,25797
25800,25800
25801,25801
25804,25804
25805,25805
25806,25806
25809,25809
25810,25810
25812,25812
25814,25814
25817,25817
25818,25818
25819,25819
25822,25822
25823,25823
25824,25824
25825,25825
25827,25827
25828,25828
25829,25829
25830,25830
25831,25831
25832,25832
25833,25833
25834,25834
25835,25835
25836,25836
25837,25837
25839,25839
25840,25840
25841,25841
25842,25842
25844,25844
25845,25845
25846,25846
25850,25850
25851,25851
25852,25852
25854,25854
25857,25857
25859,25859
25860,25860
25861,25861
25862,25862
25863,25863
25864,25864
25866,25866
25867,25867
25868,25868
25869,25869
25870,25870
25871,25871
25872,25872
25873,25873
25874,25874
25875,25875
25876,25876
25877,25877
25879,25879
25880,25880
25882,25882
25883,25883
25885,25885
25887,25887
25888,25888
25889,25889
25890,25890
25891,25891
25892,25892
25893,25893
25898,25898
25900,25900
25901,25901
25902,25902
25903,25903
25904,25904
25905,25905
25906,25906
25907,25907
25908,25908
25909,25909
25910,25910
25914,25914
25915,25915
25917,25917
25918,25918
25919,25919
25920,25920
25921,25921
25922,25922
25923,25923
25924,25924
26001,26001
26002,26002
26003,26003
26004,26004
26008,26008
26010,26010
26011,26011
26012,26012
26013,26013
26014,26014
26015,26015
26017,26017
26018,26018
26019,26019
26021,26021
26023,26023
26025,26025
26028,26028
26029,26029
26030,26030
26031,26031
26032,26032
26033,26033
26034,26034
26035,26035
26036,26036
26037,26037
26038,26038
26039,26039
26040,26040
26041,26041
26043,26043
26044,26044
26045,26045
26046,26046
26047,26047
26050,26050
26052,26052
26054,26054
26055,26055
26056,26056
26057,26057
26058,26058
26059,26059
26061,26061
26064,26064
26065,26065
26067,26067
26068,26068
26069,26069
26070,26070
26071,26071
26072,26072
26073,26073
26074,26074
26076,26076
26077,26077
26078,26078
26079,26079
26081,26081
26082,26082
26083,26083
26084,26084
26085,26085
26086,26086
26087,26087
26088,26088
26089,26089
26090,26090
26091,26091
26092,26092
26094,26094
26095,26095
26096,26096
26097,26097
26098,26098
26099,26099
26100,26100
26101,26101
26102,26102
26105,26105
26106,26106
26108,26108
26109,26109
26112,26112
26113,26113
26114,26114
26115,26115
26116,26116
26117,26117
26118,26118
26120,26120
26121,26121
26122,26122
26124,26124
26125,26125
26126,26126
26127,26127
26128,26128
26130,26130
26131,26131
26132,26132
26133,26133
26134,26134
26137,26137
26140,26140
26141,26141
26143,26143
26144,26144
26146,26146
26147,26147
26148,26148
26149,26149
26150,26150
26151,26151
26152,26152
26153,26153
26154,26154
26155,26155
26156,26156
26157,26157
26158,26158
26159,26159
26160,26160
26161,26161
26162,26162
26163,26163
26164,26164
26165,26165
26166,26166
26167,26167
26168,26168
26169,26169
26171,26171
26172,26172
26173,26173
26174,26174
26175,26175
26177,26177
26178,26178
26179,26179
26180,26180
26181,26181
26182,26182
26183,26183
26184,26184
26185,26185
26186,26186
26187,26187
26188,26188
26191,26191
26192,26192
26193,26193
26194,26194
26195,26195
26196,26196
26197,26197
26198,26198
26201,26201
26202,26202
26206,26206
26207,26207
26208,26208
26209,26209
26210,26210
26211,26211
26215,26215
26216,26216
26218,26218
26219,26219
26220,26220
26222,26222
26223,26223
26224,26224
26225,26225
26226,26226
26227,26227
26228,26228
26229,26229
26233,26233
26234,26234
26235,26235
26236,26236
26237,26237
26239,26239
26240,26240
26241,26241
26242,26242
26243,26243
26246,26246
26247,26247
26248,26248
26249,26249
26251,26251
26252,26252
26254,26254
26255,26255
26256,26256
26257,26257
26258,26258
26259,26259
26261,26261
26262,26262
26263,26263
26265,26265
26266,26266
26269,26269
26270,26270
26271,26271
26272,26272
26273,26273
26274,26274
26276,26276
26277,26277
26279,26279
26280,26280
26281,26281
26282,26282
26285,26285
26286,26286
26287,26287
26288,26288
26290,26290
26292,26292
26293,26293
26295,26295
26301,26301
26302,26302
26303,26303
26304,26304
26305,26305
26306,26306
26307,26307
26308,26308
26309,26309
26310,26310
26311,26311
26312,26312
26314,26314
26315,26315
26316,26316
26317,26317
26318,26318
26321,26321
26322,26322
26325,26325
26326,26326
26327,26327
26328,26328
26329,26329
26332,26332
26402,26402
26403,26403
26404,26404
26407,26407
26409,26409
26410,26410
26411,26411
26413,26413
26415,26415
26501,26501
26503,26503
26505,26505
26507,26507
26508,26508
26509,26509
26510,26510
26512,26512
26513,26513
26515,26515
26516,26516
26517,26517
26519,26519
26520,26520
26522,26522
26524,26524
26525,26525
26529,26529
26530,26530
26531,26531
26532,26532
26534,26534
26535,26535
26536,26536
26538,26538
26540,26540
26541,26541
26542,26542
26543,26543
26544,26544
26545,26545
26546,26546
26547,26547
26548,26548
26549,26549
26550,26550
26551,26551
26553,26553
26555,26555
26557,26557
26558,26558
26559,26559
26560,26560
26562,26562
26563,26563
26565,26565
26567,26567
26568,26568
26569,26569
26570,26570
26571,26571
26574,26574
26576,26576
26577,26577
26579,26579
26581,26581
26583,26583
26584,26584
26585,26585
26586,26586
26588,26588
26590,26590
26591,26591
26592,26592
26594,26594
26596,26596
26597,26597
26601,26601
26603,26603
26604,26604
26605,26605
26606,26606
26608,26608
26609,26609
26610,26610
26611,26611
26614,26614
26615,26615
26616,26616
26617,26617
26624,26624
26625,26625
26626,26626
26627,26627
26629,26629
26630,26630
26631,26631
26632,26632
26633,26633
26634,26634
26635,26635
26637,26637
26638,26638
26640,26640
26641,26641
26642,26642
26646,26646
26647,26647
26648,26648
26649,26649
26650,26650
26651,26651
26652,26652
26653,26653
26654,26654
26655,26655
26657,26657
26658,26658
26659,26659
26660,26660
26661,26661
26663,26663
26666,26666
26667,26667
26668,26668
26669,26669
26673,26673
26675,26675
26676,26676
26678,26678
26680,26680
26681,26681
26682,26682
26683,26683
26684,26684
26686,26686
26688,26688
26690,26690
26691,26691
26692,26692
26693,26693
26694,26694
26695,26695
26696,26696
26697,26697
26698,26698
26699,26699
26700,26700
26701,26701
26702,26702
26703,26703
26708,26708
26709,26709
26711,26711
26712,26712
26713,26713
26714,26714
26715,26715
26716,26716
26717,26717
26718,26718
26719,26719
26720,26720
26721,26721
26722,26722
26723,26723
26725,26725
26726,26726
26727,26727
26728,26728
26729,26729
26730,26730
26731,26731
26733,26733
26734,26734
26735,26735
26736,26736
26737,26737
26738,26738
26740,26740
26741,26741
26742,26742
26743,26743
26745,26745
26748,26748
26749,26749
26750,26750
26751,26751
26752,26752
26753,26753
26754,26754
26755,26755
26757,26757
26758,26758
26760,26760
26761,26761
26762,26762
26764,26764
26765,26765
26766,26766
26767,26767
26769,26769
26770,26770
26771,26771
26772,26772
26774,26774
26775,26775
26776,26776
26778,26778
26780,26780
26781,26781
26785,26785
26788,26788
26789,26789
26791,26791
26792,26792
26793,26793
26795,26795
26796,26796
26797,26797
26798,26798
26799,26799
26800,26800
26801,26801
26802,26802
26803,26803
26804,26804
26901,26901
26902,26902
26903,26903
26904,26904
26906,26906
26907,26907
26909,26909
26910,26910
26911,26911
26912,26912
26913,26913
26914,26914
26917,26917
26918,26918
26922,26922
26923,26923
26925,26925
26926,26926
26927,26927
26928,26928
26929,26929
26930,26930
26933,26933
26934,26934
26935,26935
26936,26936
26937,26937
26939,26939
26940,26940
26941,26941
26942,26942
26943,26943
26944,26944
26945,26945
26946,26946
26947,26947
26948,26948
26950,26950
26951,26951
26953,26953
26954,26954
26957,26957
26958,26958
26959,26959
26960,26960
26961,26961
26962,26962
26963,26963
26964,26964
26965,26965
26966,26966
26967,26967
26968,26968
26969,26969
26970,26970
26971,26971
26972,26972
26973,26973
26974,26974
26975,26975
26976,26976
26977,26977
26978,26978
26979,26979
26980,26980
26982,26982
26983,26983
26984,26984
26985,26985
26987,26987
26989,26989
26991,26991
26992,26992
26995,26995
26996,26996
26998,26998
27000,27000
27001,27001
27002,27002
27003,27003
27007,27007
27008,27008
27009,27009
27010,27010
27011,27011
27012,27012
27013,27013
27018,27018
27019,27019
27022,27022
27023,27023
27024,27024
27025,27025
27026,27026
27027,27027
27029,27029
27030,27030
27031,27031
27032,27032
27033,27033
27034,27034
27035,27035
27036,27036
27038,27038
27039,27039
27040,27040
27041,27041
27042,27042
27044,27044
27045,27045
27046,27046
27047,27047
27048,27048
27050,27050
27051,27051
27052,27052
27053,27053
27054,27054
27056,27056
27057,27057
27060,27060
27061,27061
27063,27063
27064,27064
27065,27065
27066,27066
27067,27067
27068,27068
27069,27069
27070,27070
27071,27071
27073,27073
27076,27076
27077,27077
27078,27078
27079,27079
27080,27080
27081,27081
27083,27083
27084,27084
27085,27085
27086,27086
27087,27087
27088,27088
27090,27090
27091,27091
27094,27094
27095,27095
27096,27096
27097,27097
27098,27098
27100,27100
27101,27101
27102,27102
27103,27103
27104,27104
27105,27105
27106,27106
27107,27107
27108,27108
27109,27109
27111,27111
27112,27112
27114,27114
27115,27115
27117,27117
27118,27118
27119,27119
27121,27121
27122,27122
27123,27123
27124,27124
27126,27126
27129,27129
27131,27131
27133,27133
27135,27135
27137,27137
27138,27138
27139,27139
27141,27141
27144,27144
27145,27145
27147,27147
27148,27148
27149,27149
27150,27150
27152,27152
27154,27154
27156,27156
27160,27160
27161,27161
27162,27162
27163,27163
27164,27164
27165,27165
27166,27166
27170,27170
27171,27171
27172,27172
27173,27173
27174,27174
27175,27175
27176,27176
27179,27179
27180,27180
27181,27181
27183,27183
27184,27184
27185,27185
27186,27186
27187,27187
27188,27188
27190,27190
27191,27191
27193,27193
27194,27194
27197,27197
27198,27198
27199,27199
27208,27208
27209,27209
27210,27210
27212,27212
27213,27213
27214,27214
27215,27215
27216,27216
27217,27217
27218,27218
27219,27219
27220,27220
27222,27222
27223,27223
27224,27224
27225,27225
27226,27226
27227,27227
27228,27228
27230,27230
27231,27231
27232,27232
27233,27233
27234,27234
27235,27235
27236,27236
27237,27237
27239,27239
27240,27240
27241,27241
27242,27242
27243,27243
27244,27244
27245,27245
27246,27246
27247,27247
27248,27248
27250,27250
27251,27251
27252,27252
27253,27253
27254,27254
27259,27259
27260,27260
27261,27261
27262,27262
27263,27263
27264,27264
27265,27265
27266,27266
27268,27268
27270,27270
27271,27271
27272,27272
27273,27273
27274,27274
27275,27275
27277,27277
27278,27278
27279,27279
27280,27280
27281,27281
27282,27282
27284,27284
27285,27285
27286,27286
27288,27288
27289,27289
27294,27294
27295,27295
27296,27296
27297,27297
27298,27298
27299,27299
27300,27300
27301,27301
27303,27303
27304,27304
27305,27305
27306,27306
27308,27308
27309,27309
27310,27310
27311,27311
27312,27312
27313,27313
27314,27314
27315,27315
27316,27316
27317,27317
27318,27318
27320,27320
27321,27321
27322,27322
27324,27324
27325,27325
27327,27327
27328,27328
27329,27329
27331,27331
27332,27332
27333,27333
27335,27335
27340,27340
27401,27401
27402,27402
27403,27403
27404,27404
27405,27405
27406,27406
27408,27408
27410,27410
27411,27411
27413,27413
27414,27414
27416,27416
27417,27417
27418,27418
27419,27419
27420,27420
27421,27421
27422,27422
27423,27423
27425,27425
27426,27426
27427,27427
27428,27428
27430,27430
27431,27431
27432,27432
27434,27434
27435,27435
27436,27436
27438,27438
27441,27441
27442,27442
27443,27443
27444,27444
27445,27445
27446,27446
27447,27447
27448,27448
27450,27450
27451,27451
27452,27452
27453,27453
27454,27454
27456,27456
27501,27501
27502,27502
27503,27503
27504,27504
27506,27506
27507,27507
27509,27509
27510,27510
27511,27511
27513,27513
27514,27514
27516,27516
27517,27517
27518,27518
27520,27520
27521,27521
27522,27522
27523,27523
27525,27525
27526,27526
27528,27528
27529,27529
27530,27530
27531,27531
27601,27601
27602,27602
27605,27605
27606,27606
27607,27607
27608,27608
27609,27609
27610,27610
27611,27611
27613,27613
27616,27616
27618,27618
27620,27620
27622,27622
27623,27623
27625,27625
27626,27626
27627,27627
27629,27629
27630,27630
27631,27631
27632,27632
27634,27634
27635,27635
27636,27636
27637,27637
27639,27639
27640,27640
27641,27641
27642,27642
27643,27643
27645,27645
27646,27646
27647,27647
27648,27648
27649,27649
27651,27651
27652,27652
27653,27653
27654,27654
27655,27655
27657,27657
27658,27658
27659,27659
27660,27660
27661,27661
27662,27662
27666,27666
27667,27667
27668,27668
27669,27669
27670,27670
27672,27672
27674,27674
27676,27676
27678,27678
27679,27679
27681,27681
27682,27682
27683,27683
27684,27684
27685,27685
27689,27689
27690,27690
27692,27692
27693,27693
27695,27695
27698,27698
27699,27699
27701,27701
27703,27703
27705,27705
27706,27706
27707,27707
27708,27708
27709,27709
27712,27712
27713,27713
27716,27716
27718,27718
27719,27719
27720,27720
27722,27722
27724,27724
27725,27725
27726,27726
27727,27727
27728,27728
27729,27729
27730,27730
27731,27731
27733,27733
27735,27735
27736,27736
27738,27738
27739,27739
27741,27741
27743,27743
27744,27744
27746,27746
27747,27747
27748,27748
27749,27749
27750,27750
27751,27751
27752,27752
27754,27754
27756,27756
27757,27757
27758,27758
27760,27760
27761,27761
27762,27762
27763,27763
27765,27765
27767,27767
27768,27768
27770,27770
27772,27772
27773,27773
27774,27774
27775,27775
27776,27776
27777,27777
27778,27778
27779,27779
27780,27780
27781,27781
27782,27782
27783,27783
27784,27784
27785,27785
27786,27786
27788,27788
27790,27790
27791,27791
27792,27792
27793,27793
27794,27794
27795,27795
27796,27796
27797,27797
27798,27798
27799,27799
27800,27800
